[{"messageid":"DD61CCF3-17B7-464E-8066-FAC7C2B58F27","userid":"591F68A5-87E6-4A6C-810F-5A50953AE747","username":"宋江","time":"2015-9-23","message":"欢迎新同学小康"},{"messageid":"F05D4D47-1A67-4F44-930F-A5B240CAAC90","userid":"591F68A5-87E6-4A6C-810F-5A50953AE747","username":"李逵","time":"2015-9-22","message":"欢迎新同学催明"},{"messageid":"DD61CCF3-17B7-464E-8066-FAC7C2B58F28","userid":"591F68A5-87E6-4A6C-810F-5A50953AE747","username":"敏儿","time":"2015-9-21","message":"欢迎新同学刘明"},{"messageid":"F05D4D47-1A67-4F44-930F-A5B240CAAC91","userid":"591F68A5-87E6-4A6C-810F-5A50953AE747","username":"宋江","time":"2015-9-20","message":"欢迎新同学刘备"},{"messageid":"DD61CCF3-17B7-464E-8066-FAC7C2B58F29","userid":"591F68A5-87E6-4A6C-810F-5A50953AE747","username":"宋江","time":"2015-9-19","message":"欢迎新同学渡边"},{"messageid":"F05D4D47-1A67-4F44-930F-A5B240CAAC92","userid":"591F68A5-87E6-4A6C-810F-5A50953AE747","username":"宋江","time":"2015-9-18","message":"欢迎新同学彩霞"},{"messageid":"F05D4D47-1A67-4F44-930F-A5B240CAAC93","userid":"591F68A5-87E6-4A6C-810F-5A50953AE747","username":"辛弃疾","time":"2015-9-1","message":"西江月·夜行黄沙道中  明月别枝惊鹊，清风半夜鸣蝉。稻花香里说丰年，听取蛙声一片。七八个星天外，两三点雨山前。旧时⑹茅店社林边，路转溪桥忽见"},{"messageid":"74C88D5A-22CC-4588-9B3F-D614A8706D8D","userid":"591F68A5-87E6-4A6C-810F-5A50953AE747","username":"宋江","time":"2015-9-23","message":"ss"},{"messageid":"E50BCF04-88C0-49FE-B779-9E25A2247A95","userid":"3240870A-538F-4A84-B00E-567E910A30ED","username":"吴用","time":"2015-11-7","message":"g"},{"messageid":"57CAA9FF-5AA7-4F31-A2B4-E2EC4428D194","userid":"3240870A-538F-4A84-B00E-567E910A30ED","username":"吴用","time":"2015-11-7","message":"sssff"},{"messageid":"09743899-EA8B-4AF5-B438-C9D1763B31CD","userid":"00053187-7DB1-48DC-AAF6-FA47A858DC72","username":"瓶盖儿","time":"2018-6-14","message":"就是想发一篇公告试试效果，不知道能不能成功"},{"messageid":"43AEDA3B-28AC-4136-8D15-BC597E4A2DAB","userid":"00053187-7DB1-48DC-AAF6-FA47A858DC72","username":"瓶盖儿","time":"2018-6-14","message":"再发一条消息"}]
