[{"userid":"591F68A5-87E6-4A6C-810F-5A50953AE747","username":"宋江","password":"19bdec7440acd44c669240ed534fc2f6","partment":"框架研发","tel":"19008097890","email":"test0@126.com","tag":"研发","creater":"wlh","token":"AE0218C4-21F2-4846-9767-28CE3C5D9579C34C0B51-3A68-4297-9C7E-A851B136D34F"},{"userid":"6998EED4-BB29-469E-B19A-DF4171B1FD12","username":"卢俊义","password":"19bdec7440acd44c669240ed534fc2f6","partment":"框架研发","tel":"19008097891","email":"test1@126.com","tag":"研发","creater":"wlh","time":"2015-07-14T05:48:56.192Z","token":"C0B668AB-A030-4A35-8A3C-422DEF4F9BE2undefined"},{"userid":"3240870A-538F-4A84-B00E-567E910A30ED","username":"吴用","password":"91266e54a7d08e3df4b26839ee946628","partment":"框架研发","tel":"19008097892","email":"test2@126.com","tag":"研发","creater":"wlh","time":"2015-07-14T09:18:59.174Z","token":"13E2A651-0044-428B-81FD-6ABBB96D663AC34C0B51-3A68-4297-9C7E-A851B136D34F"},{"userid":"3240870A--4A84-B00E-567E910A30ED","username":"公孙胜","password":"91266e54a7d08e3df4b26839ee946628","partment":"框架研发","tel":"19008097893","email":"test3@126.com","tag":"研发","creater":"wlh","time":"2015-07-14T09:18:59.174Z","token":"4AAF1FC7-E063-4E95-BC02-97AB-443D-B083-4236E550FAD2"},{"userid":"591F68A5-87E6-4A6C-810F-5A50953AE747","username":"关胜","password":"19bdec7440acd44c669240ed534fc2f6","partment":"框架研发","tel":"19008097894","email":"test4@126.com","tag":"研发","creater":"wlh"},{"userid":"6998EED4-BB29-469E-B19A-DF4171B1FD12","username":"林冲","password":"19bdec7440acd44c669240ed534fc2f6","partment":"框架研发","tel":"19008097895","email":"test5@126.com","tag":"研发","creater":"wlh","time":"2015-07-14T05:48:56.192Z","token":"C0B668AB-A030-4A35-8A3C-422DEF4F9BE2undefined"},{"userid":"3240870A-538F-4A84-B00E-567E910A30ED","username":"秦明","password":"91266e54a7d08e3df4b26839ee946628","partment":"框架研发","tel":"19008097896","email":"test6@126.com","tag":"研发","creater":"wlh","time":"2015-07-14T09:18:59.174Z","token":"4AAF1FC7-E063-4E95-BC02-45D3D1C83CE15839849B-97AB-443D-B083-4236E550FAD2"},{"userid":"3240870A--4A84-B00E-567E910A30ED","username":"呼延灼","password":"91266e54a7d08e3df4b26839ee946628","partment":"框架研发","tel":"19008097897","email":"test7@126.com","tag":"研发","creater":"wlh","time":"2015-07-14T09:18:59.174Z","token":"4AAF1FC7-E063-4E95-BC02-97AB-443D-B083-4236E550FAD2"},{"userid":"591F68A5-87E6-4A6C-810F-5A50953AE747","username":"花荣","password":"19bdec7440acd44c669240ed534fc2f6","partment":"BU产品","tel":"19008097898","email":"test8@126.com","tag":"产品","creater":"wlh"},{"userid":"6998EED4-BB29-469E-B19A-DF4171B1FD12","username":"柴进","password":"19bdec7440acd44c669240ed534fc2f6","partment":"BU产品","tel":"19008097899","email":"test9@126.com","tag":"产品","creater":"wlh","time":"2015-07-14T05:48:56.192Z","token":"C0B668AB-A030-4A35-8A3C-422DEF4F9BE2undefined"},{"userid":"3240870A-538F-4A84-B00E-567E910A30ED","username":"李应","password":"91266e54a7d08e3df4b26839ee946628","partment":"BU研发","tel":"19008097991","email":"test10@126.com","tag":"研发","creater":"wlh","time":"2015-07-14T09:18:59.174Z","token":"A3BE67F4-D7BE-48BC-AA40-2D6022B4EC7B5839849B-97AB-443D-B083-4236E550FAD2"},{"userid":"3240870A--4A84-B00E-567E910A30ED","username":"鲁智深","password":"91266e54a7d08e3df4b26839ee946628","partment":"公共产品","tel":"19008097992","email":"test11@126.com","tag":"产品","creater":"wlh","time":"2015-07-14T09:18:59.174Z","token":"4AAF1FC7-E063-4E95-BC02-97AB-443D-B083-4236E550FAD2"},{"userid":"591F68A5-87E6-4A6C-810F-5A50953AE747","username":"武松","password":"19bdec7440acd44c669240ed534fc2f6","partment":"启明星","tel":"19008097993","email":"test12@126.com","tag":"研发","creater":"wlh"},{"userid":"6998EED4-BB29-469E-B19A-DF4171B1FD12","username":"董平","password":"19bdec7440acd44c669240ed534fc2f6","partment":"项目管理","tel":"19008097994","email":"test13@126.com","tag":"项目","creater":"wlh","time":"2015-07-14T05:48:56.192Z","token":"C0B668AB-A030-4A35-8A3C-422DEF4F9BE2undefined"},{"userid":"3240870A-538F-4A84-B00E-567E910A30ED","username":"张清","password":"91266e54a7d08e3df4b26839ee946628","partment":"项目管理","tel":"19008097995","email":"test14@126.com","tag":"项目","creater":"wlh","time":"2015-07-14T09:18:59.174Z","token":"4AAF1FC7-E063-4E95-BC02-45D3D1C83CE15839849B-97AB-443D-B083-4236E550FAD2"},{"userid":"3240870A--4A84-B00E-567E910A30ED","username":"杨志","password":"91266e54a7d08e3df4b26839ee946628","partment":"BU产品","tel":"19008097996","email":"test15@126.com","tag":"产品","creater":"wlh","time":"2015-07-14T09:18:59.174Z","token":"4AAF1FC7-E063-4E95-BC02-97AB-443D-B083-4236E550FAD2"},{"userid":"C9C77472-6672-4B11-9EE2-FA84634D5A13","username":"徐宁","password":"19bdec7440acd44c669240ed534fc2f6","partment":"框架研发","tel":"19008097997","email":"test16@126.com","tag":"研发","creater":"","time":"2015-07-16T08:10:05.691Z"},{"userid":"B06CCEED-F200-40B1-BFB6-0CCFD88C3C27","username":"索超","password":"19bdec7440acd44c669240ed534fc2f6","partment":"框架研发","tel":"19008097998","email":"wukong@126.com","tag":"研发","creater":"","time":"2015-07-16T08:13:04.556Z"},{"userid":"631EE7C9-9D9E-49C9-9CAE-7C30E1E6FE09","username":"戴宗","password":"19bdec7440acd44c669240ed534fc2f6","partment":"框架研发","tel":"19008097999","email":"test17@126.com","tag":"研发","creater":"","time":"2015-07-16T08:13:23.464Z"},{"userid":"3636B950-8E65-45D2-A610-0B2AAF4C85CA","username":"刘唐","password":"19bdec7440acd44c669240ed534fc2f6","partment":"框架研发","tel":"19008098997","email":"test18@126.com","tag":"研发","creater":"","time":"2015-07-16T08:13:27.380Z"},{"userid":"C505CD16-4261-4DDD-9CBB-DCFAF42C96D9","username":"李逵","password":"19bdec7440acd44c669240ed534fc2f6","partment":"框架研发","tel":"19008096997","email":"test19@126.com","tag":"研发","creater":"","time":"2015-07-16T08:14:48.104Z"},{"userid":"00053187-7DB1-48DC-AAF6-FA47A858DC72","username":"瓶盖儿","password":"91266e54a7d08e3df4b26839ee946628","partment":"框架研发","tel":"18201430602","email":"swhglcat@126.com","tag":"研发","creater":"","time":"2018-06-13T09:28:48.925Z","token":"D51D6A9D-4586-486A-9ED4-A8D94933FF38siweihong"},{"userid":"C5263781-519B-48D6-92C7-C2EED37F8B99","username":"假的","password":"91266e54a7d08e3df4b26839ee946628","partment":"BU研发","tel":"15130038763","email":"616095466@qq.com","tag":"项目","creater":"","time":"2018-06-13T09:30:43.288Z","token":"D94A1ABC-E736-46DB-BF91-6DA76DD0905Esiweihong"},{"userid":"382C2089-81CC-42A6-B2A3-D31BD5BDF853","username":"测试号","password":"91266e54a7d08e3df4b26839ee946628","partment":"框架研发","tel":"18201430602","email":"swhglcat@sina.com","tag":"项目","creater":"","time":"2018-08-01T02:51:31.476Z","token":"818E427A-E1A2-49CB-AB8C-573738584AF2siweihong"}]